id,kind,path,format,runtime_ready,production_level,tags
design-tokens,,styles/design-tokens.css,css,True,,
containment,,assets/ui/svg/icons/containment.svg,svg,True,,
mission,,assets/ui/svg/icons/mission.svg,svg,True,,
investigator,,assets/ui/svg/icons/investigator.svg,svg,True,,
anomaly,,assets/ui/svg/icons/anomaly.svg,svg,True,,
research,,assets/ui/svg/icons/research.svg,svg,True,,
archive,,assets/ui/svg/icons/archive.svg,svg,True,,
warning,,assets/ui/svg/icons/warning.svg,svg,True,,
sanity,,assets/ui/svg/icons/sanity.svg,svg,True,,
pollution,,assets/ui/svg/icons/pollution.svg,svg,True,,
route,,assets/ui/svg/icons/route.svg,svg,True,,
ritual,,assets/ui/svg/icons/ritual.svg,svg,True,,
gear,,assets/ui/svg/icons/gear.svg,svg,True,,
panel_frame,,assets/ui/svg/frames/panel_frame.svg,svg,True,,
paper_card,,assets/ui/svg/frames/paper_card.svg,svg,True,,
anomaly_card_frame,,assets/ui/svg/frames/anomaly_card_frame.svg,svg,True,,
button_frame,,assets/ui/svg/frames/button_frame.svg,svg,True,,
texture_01_paper,,assets/ui/textures/texture_01_paper.png,png,True,,
texture_01_paper,,assets/ui/textures/texture_01_paper.webp,webp,True,,
texture_02_dark_metal,,assets/ui/textures/texture_02_dark_metal.png,png,True,,
texture_02_dark_metal,,assets/ui/textures/texture_02_dark_metal.webp,webp,True,,
texture_03_wet_stone,,assets/ui/textures/texture_03_wet_stone.png,png,True,,
texture_03_wet_stone,,assets/ui/textures/texture_03_wet_stone.webp,webp,True,,
texture_04_worn_cloth,,assets/ui/textures/texture_04_worn_cloth.png,png,True,,
texture_04_worn_cloth,,assets/ui/textures/texture_04_worn_cloth.webp,webp,True,,
login,,references/mockups/login.png,png,False,,
dashboard,,references/mockups/dashboard.png,png,False,,
operation_prepare,,references/mockups/operation_prepare.png,png,False,,
operation_event,,references/mockups/operation_event.png,png,False,,
investigator_list,,references/mockups/investigator_list.png,png,False,,
investigator_advance,,references/mockups/investigator_advance.png,png,False,,
anomaly_archive,,references/mockups/anomaly_archive.png,png,False,,
containment,,references/mockups/containment.png,png,False,,
research_tree,,references/mockups/research_tree.png,png,False,,
operation_report,,references/mockups/operation_report.png,png,False,,
investigator_a_01_elene_hawk_spirit_scholar_art,,assets/characters/portraits/investigator_a_01_elene_hawk_spirit_scholar_art.png,png,True,,
investigator_a_01_elene_hawk_spirit_scholar_art,,assets/characters/portraits/investigator_a_01_elene_hawk_spirit_scholar_art.webp,webp,True,,
investigator_a_02_lu_mingyuan_field_agent_art,,assets/characters/portraits/investigator_a_02_lu_mingyuan_field_agent_art.png,png,True,,
investigator_a_02_lu_mingyuan_field_agent_art,,assets/characters/portraits/investigator_a_02_lu_mingyuan_field_agent_art.webp,webp,True,,
investigator_a_03_raynold_medic_art,,assets/characters/portraits/investigator_a_03_raynold_medic_art.png,png,True,,
investigator_a_03_raynold_medic_art,,assets/characters/portraits/investigator_a_03_raynold_medic_art.webp,webp,True,,
investigator_a_04_ilaya_infiltration_expert_art,,assets/characters/portraits/investigator_a_04_ilaya_infiltration_expert_art.png,png,True,,
investigator_a_04_ilaya_infiltration_expert_art,,assets/characters/portraits/investigator_a_04_ilaya_infiltration_expert_art.webp,webp,True,,
investigator_a_05_kamier_ritualist_art,,assets/characters/portraits/investigator_a_05_kamier_ritualist_art.png,png,True,,
investigator_a_05_kamier_ritualist_art,,assets/characters/portraits/investigator_a_05_kamier_ritualist_art.webp,webp,True,,
investigator_a_06_sunier_engineer_art,,assets/characters/portraits/investigator_a_06_sunier_engineer_art.png,png,True,,
investigator_a_06_sunier_engineer_art,,assets/characters/portraits/investigator_a_06_sunier_engineer_art.webp,webp,True,,
investigator_b_01_tired_archivist_art,,assets/characters/portraits/investigator_b_01_tired_archivist_art.png,png,True,,
investigator_b_01_tired_archivist_art,,assets/characters/portraits/investigator_b_01_tired_archivist_art.webp,webp,True,,
investigator_b_02_elegant_operator_art,,assets/characters/portraits/investigator_b_02_elegant_operator_art.png,png,True,,
investigator_b_02_elegant_operator_art,,assets/characters/portraits/investigator_b_02_elegant_operator_art.webp,webp,True,,
investigator_b_03_young_researcher_art,,assets/characters/portraits/investigator_b_03_young_researcher_art.png,png,True,,
investigator_b_03_young_researcher_art,,assets/characters/portraits/investigator_b_03_young_researcher_art.webp,webp,True,,
investigator_b_04_deep_sea_diver_art,,assets/characters/portraits/investigator_b_04_deep_sea_diver_art.png,png,True,,
investigator_b_04_deep_sea_diver_art,,assets/characters/portraits/investigator_b_04_deep_sea_diver_art.webp,webp,True,,
investigator_b_05_exorcist_art,,assets/characters/portraits/investigator_b_05_exorcist_art.png,png,True,,
investigator_b_05_exorcist_art,,assets/characters/portraits/investigator_b_05_exorcist_art.webp,webp,True,,
investigator_b_06_veteran_officer_art,,assets/characters/portraits/investigator_b_06_veteran_officer_art.png,png,True,,
investigator_b_06_veteran_officer_art,,assets/characters/portraits/investigator_b_06_veteran_officer_art.webp,webp,True,,
anomaly_a_01_whispering_lighthouse_art,,assets/anomalies/art/anomaly_a_01_whispering_lighthouse_art.png,png,True,,
anomaly_a_01_whispering_lighthouse_art,,assets/anomalies/art/anomaly_a_01_whispering_lighthouse_art.webp,webp,True,,
anomaly_a_02_walking_pocket_watch_art,,assets/anomalies/art/anomaly_a_02_walking_pocket_watch_art.png,png,True,,
anomaly_a_02_walking_pocket_watch_art,,assets/anomalies/art/anomaly_a_02_walking_pocket_watch_art.webp,webp,True,,
anomaly_a_03_faceless_worshipper_statue_art,,assets/anomalies/art/anomaly_a_03_faceless_worshipper_statue_art.png,png,True,,
anomaly_a_03_faceless_worshipper_statue_art,,assets/anomalies/art/anomaly_a_03_faceless_worshipper_statue_art.webp,webp,True,,
anomaly_a_04_unclosed_black_iron_door_art,,assets/anomalies/art/anomaly_a_04_unclosed_black_iron_door_art.png,png,True,,
anomaly_a_04_unclosed_black_iron_door_art,,assets/anomalies/art/anomaly_a_04_unclosed_black_iron_door_art.webp,webp,True,,
anomaly_a_05_mirror_of_dreams_art,,assets/anomalies/art/anomaly_a_05_mirror_of_dreams_art.png,png,True,,
anomaly_a_05_mirror_of_dreams_art,,assets/anomalies/art/anomaly_a_05_mirror_of_dreams_art.webp,webp,True,,
anomaly_a_06_damp_radio_art,,assets/anomalies/art/anomaly_a_06_damp_radio_art.png,png,True,,
anomaly_a_06_damp_radio_art,,assets/anomalies/art/anomaly_a_06_damp_radio_art.webp,webp,True,,
anomaly_a_07_deep_eye_relic_art,,assets/anomalies/art/anomaly_a_07_deep_eye_relic_art.png,png,True,,
anomaly_a_07_deep_eye_relic_art,,assets/anomalies/art/anomaly_a_07_deep_eye_relic_art.webp,webp,True,,
anomaly_a_08_blood_ink_manuscript_art,,assets/anomalies/art/anomaly_a_08_blood_ink_manuscript_art.png,png,True,,
anomaly_a_08_blood_ink_manuscript_art,,assets/anomalies/art/anomaly_a_08_blood_ink_manuscript_art.webp,webp,True,,
anomaly_b_01_ritual_lantern_art,,assets/anomalies/art/anomaly_b_01_ritual_lantern_art.png,png,True,,
anomaly_b_01_ritual_lantern_art,,assets/anomalies/art/anomaly_b_01_ritual_lantern_art.webp,webp,True,,
anomaly_b_02_flooded_chapel_bell_art,,assets/anomalies/art/anomaly_b_02_flooded_chapel_bell_art.png,png,True,,
anomaly_b_02_flooded_chapel_bell_art,,assets/anomalies/art/anomaly_b_02_flooded_chapel_bell_art.webp,webp,True,,
anomaly_b_03_fossilized_heart_art,,assets/anomalies/art/anomaly_b_03_fossilized_heart_art.png,png,True,,
anomaly_b_03_fossilized_heart_art,,assets/anomalies/art/anomaly_b_03_fossilized_heart_art.webp,webp,True,,
anomaly_b_04_key_of_returning_corridor_art,,assets/anomalies/art/anomaly_b_04_key_of_returning_corridor_art.png,png,True,,
anomaly_b_04_key_of_returning_corridor_art,,assets/anomalies/art/anomaly_b_04_key_of_returning_corridor_art.webp,webp,True,,
anomaly_b_05_stitched_knowledge_mask_art,,assets/anomalies/art/anomaly_b_05_stitched_knowledge_mask_art.png,png,True,,
anomaly_b_05_stitched_knowledge_mask_art,,assets/anomalies/art/anomaly_b_05_stitched_knowledge_mask_art.webp,webp,True,,
anomaly_b_06_sunken_dream_conch_art,,assets/anomalies/art/anomaly_b_06_sunken_dream_conch_art.png,png,True,,
anomaly_b_06_sunken_dream_conch_art,,assets/anomalies/art/anomaly_b_06_sunken_dream_conch_art.webp,webp,True,,
anomaly_b_07_sealed_humanoid_specimen_art,,assets/anomalies/art/anomaly_b_07_sealed_humanoid_specimen_art.png,png,True,,
anomaly_b_07_sealed_humanoid_specimen_art,,assets/anomalies/art/anomaly_b_07_sealed_humanoid_specimen_art.webp,webp,True,,
anomaly_b_08_abyss_compass_art,,assets/anomalies/art/anomaly_b_08_abyss_compass_art.png,png,True,,
anomaly_b_08_abyss_compass_art,,assets/anomalies/art/anomaly_b_08_abyss_compass_art.webp,webp,True,,
env_01_mist_lighthouse_port,,assets/environments/wide/env_01_mist_lighthouse_port.png,png,True,,
env_01_mist_lighthouse_port,,assets/environments/wide/env_01_mist_lighthouse_port.webp,webp,True,,
env_02_archive_main_hall,,assets/environments/wide/env_02_archive_main_hall.png,png,True,,
env_02_archive_main_hall,,assets/environments/wide/env_02_archive_main_hall.webp,webp,True,,
env_03_underground_flooded_tunnel,,assets/environments/wide/env_03_underground_flooded_tunnel.png,png,True,,
env_03_underground_flooded_tunnel,,assets/environments/wide/env_03_underground_flooded_tunnel.webp,webp,True,,
env_04_ritual_secret_chamber,,assets/environments/wide/env_04_ritual_secret_chamber.png,png,True,,
env_04_ritual_secret_chamber,,assets/environments/wide/env_04_ritual_secret_chamber.webp,webp,True,,
env_05_deep_sea_research_dock,,assets/environments/wide/env_05_deep_sea_research_dock.png,png,True,,
env_05_deep_sea_research_dock,,assets/environments/wide/env_05_deep_sea_research_dock.webp,webp,True,,
env_06_abandoned_old_city_street,,assets/environments/wide/env_06_abandoned_old_city_street.png,png,True,,
env_06_abandoned_old_city_street,,assets/environments/wide/env_06_abandoned_old_city_street.webp,webp,True,,
room_01_standard_containment_room,,assets/rooms/backgrounds/room_01_standard_containment_room.png,png,True,,
room_01_standard_containment_room,,assets/rooms/backgrounds/room_01_standard_containment_room.webp,webp,True,,
room_02_dream_isolation_room,,assets/rooms/backgrounds/room_02_dream_isolation_room.png,png,True,,
room_02_dream_isolation_room,,assets/rooms/backgrounds/room_02_dream_isolation_room.webp,webp,True,,
room_03_deep_sea_pressure_cabin,,assets/rooms/backgrounds/room_03_deep_sea_pressure_cabin.png,png,True,,
room_03_deep_sea_pressure_cabin,,assets/rooms/backgrounds/room_03_deep_sea_pressure_cabin.webp,webp,True,,
room_04_medical_room,,assets/rooms/backgrounds/room_04_medical_room.png,png,True,,
room_04_medical_room,,assets/rooms/backgrounds/room_04_medical_room.webp,webp,True,,
room_05_research_laboratory,,assets/rooms/backgrounds/room_05_research_laboratory.png,png,True,,
room_05_research_laboratory,,assets/rooms/backgrounds/room_05_research_laboratory.webp,webp,True,,
room_06_observation_room,,assets/rooms/backgrounds/room_06_observation_room.png,png,True,,
room_06_observation_room,,assets/rooms/backgrounds/room_06_observation_room.webp,webp,True,,
room_07_incineration_room,,assets/rooms/backgrounds/room_07_incineration_room.png,png,True,,
room_07_incineration_room,,assets/rooms/backgrounds/room_07_incineration_room.webp,webp,True,,
room_08_sealed_archive_vault,,assets/rooms/backgrounds/room_08_sealed_archive_vault.png,png,True,,
room_08_sealed_archive_vault,,assets/rooms/backgrounds/room_08_sealed_archive_vault.webp,webp,True,,
item_01_memory_crystal,,assets/items/icons/item_01_memory_crystal.png,png,True,,
item_01_memory_crystal,,assets/items/icons/item_01_memory_crystal.webp,webp,True,,
item_02_pollution_sample,,assets/items/icons/item_02_pollution_sample.png,png,True,,
item_02_pollution_sample,,assets/items/icons/item_02_pollution_sample.webp,webp,True,,
item_03_old_coin,,assets/items/icons/item_03_old_coin.png,png,True,,
item_03_old_coin,,assets/items/icons/item_03_old_coin.webp,webp,True,,
item_04_ancient_key,,assets/items/icons/item_04_ancient_key.png,png,True,,
item_04_ancient_key,,assets/items/icons/item_04_ancient_key.webp,webp,True,,
item_05_compass,,assets/items/icons/item_05_compass.png,png,True,,
item_05_compass,,assets/items/icons/item_05_compass.webp,webp,True,,
item_06_notebook,,assets/items/icons/item_06_notebook.png,png,True,,
item_06_notebook,,assets/items/icons/item_06_notebook.webp,webp,True,,
item_07_injector,,assets/items/icons/item_07_injector.png,png,True,,
item_07_injector,,assets/items/icons/item_07_injector.webp,webp,True,,
item_08_oil_lamp,,assets/items/icons/item_08_oil_lamp.png,png,True,,
item_08_oil_lamp,,assets/items/icons/item_08_oil_lamp.webp,webp,True,,
item_09_seal_wax,,assets/items/icons/item_09_seal_wax.png,png,True,,
item_09_seal_wax,,assets/items/icons/item_09_seal_wax.webp,webp,True,,
item_10_shell,,assets/items/icons/item_10_shell.png,png,True,,
item_10_shell,,assets/items/icons/item_10_shell.webp,webp,True,,
item_11_film_reel,,assets/items/icons/item_11_film_reel.png,png,True,,
item_11_film_reel,,assets/items/icons/item_11_film_reel.webp,webp,True,,
item_12_sample_bottle,,assets/items/icons/item_12_sample_bottle.png,png,True,,
item_12_sample_bottle,,assets/items/icons/item_12_sample_bottle.webp,webp,True,,
item_13_energy_crystal,,assets/items/icons/item_13_energy_crystal.png,png,True,,
item_13_energy_crystal,,assets/items/icons/item_13_energy_crystal.webp,webp,True,,
item_14_anomaly_eye,,assets/items/icons/item_14_anomaly_eye.png,png,True,,
item_14_anomaly_eye,,assets/items/icons/item_14_anomaly_eye.webp,webp,True,,
item_15_mask,,assets/items/icons/item_15_mask.png,png,True,,
item_15_mask,,assets/items/icons/item_15_mask.webp,webp,True,,
item_16_bronze_bell,,assets/items/icons/item_16_bronze_bell.png,png,True,,
item_16_bronze_bell,,assets/items/icons/item_16_bronze_bell.webp,webp,True,,
item_17_radio,,assets/items/icons/item_17_radio.png,png,True,,
item_17_radio,,assets/items/icons/item_17_radio.webp,webp,True,,
item_18_pocket_watch,,assets/items/icons/item_18_pocket_watch.png,png,True,,
item_18_pocket_watch,,assets/items/icons/item_18_pocket_watch.webp,webp,True,,
item_19_map_fragment,,assets/items/icons/item_19_map_fragment.png,png,True,,
item_19_map_fragment,,assets/items/icons/item_19_map_fragment.webp,webp,True,,
item_20_ritual_dagger,,assets/items/icons/item_20_ritual_dagger.png,png,True,,
item_20_ritual_dagger,,assets/items/icons/item_20_ritual_dagger.webp,webp,True,,
item_21_archive_stamp,,assets/items/icons/item_21_archive_stamp.png,png,True,,
item_21_archive_stamp,,assets/items/icons/item_21_archive_stamp.webp,webp,True,,
item_22_access_pass,,assets/items/icons/item_22_access_pass.png,png,True,,
item_22_access_pass,,assets/items/icons/item_22_access_pass.webp,webp,True,,
item_23_identity_badge,,assets/items/icons/item_23_identity_badge.png,png,True,,
item_23_identity_badge,,assets/items/icons/item_23_identity_badge.webp,webp,True,,
item_24_start_node,,assets/items/icons/item_24_start_node.png,png,True,,
item_24_start_node,,assets/items/icons/item_24_start_node.webp,webp,True,,
item_25_branch_node,,assets/items/icons/item_25_branch_node.png,png,True,,
item_25_branch_node,,assets/items/icons/item_25_branch_node.webp,webp,True,,
item_26_combat_node,,assets/items/icons/item_26_combat_node.png,png,True,,
item_26_combat_node,,assets/items/icons/item_26_combat_node.webp,webp,True,,
item_27_event_node,,assets/items/icons/item_27_event_node.png,png,True,,
item_27_event_node,,assets/items/icons/item_27_event_node.webp,webp,True,,
item_28_recovery_node,,assets/items/icons/item_28_recovery_node.png,png,True,,
item_28_recovery_node,,assets/items/icons/item_28_recovery_node.webp,webp,True,,
item_29_boss_node,,assets/items/icons/item_29_boss_node.png,png,True,,
item_29_boss_node,,assets/items/icons/item_29_boss_node.webp,webp,True,,
item_30_retreat_node,,assets/items/icons/item_30_retreat_node.png,png,True,,
item_30_retreat_node,,assets/items/icons/item_30_retreat_node.webp,webp,True,,
item_31_unknown_node,,assets/items/icons/item_31_unknown_node.png,png,True,,
item_31_unknown_node,,assets/items/icons/item_31_unknown_node.webp,webp,True,,
item_32_secret_route,,assets/items/icons/item_32_secret_route.png,png,True,,
item_32_secret_route,,assets/items/icons/item_32_secret_route.webp,webp,True,,
item_33_start_active,,assets/items/icons/item_33_start_active.png,png,True,,
item_33_start_active,,assets/items/icons/item_33_start_active.webp,webp,True,,
item_34_branch_active,,assets/items/icons/item_34_branch_active.png,png,True,,
item_34_branch_active,,assets/items/icons/item_34_branch_active.webp,webp,True,,
item_35_combat_active,,assets/items/icons/item_35_combat_active.png,png,True,,
item_35_combat_active,,assets/items/icons/item_35_combat_active.webp,webp,True,,
item_36_event_active,,assets/items/icons/item_36_event_active.png,png,True,,
item_36_event_active,,assets/items/icons/item_36_event_active.webp,webp,True,,
item_37_recovery_active,,assets/items/icons/item_37_recovery_active.png,png,True,,
item_37_recovery_active,,assets/items/icons/item_37_recovery_active.webp,webp,True,,
item_38_boss_active,,assets/items/icons/item_38_boss_active.png,png,True,,
item_38_boss_active,,assets/items/icons/item_38_boss_active.webp,webp,True,,
item_39_retreat_active,,assets/items/icons/item_39_retreat_active.png,png,True,,
item_39_retreat_active,,assets/items/icons/item_39_retreat_active.webp,webp,True,,
item_40_secret_route_active,,assets/items/icons/item_40_secret_route_active.png,png,True,,
item_40_secret_route_active,,assets/items/icons/item_40_secret_route_active.webp,webp,True,,
icon_01_containment,,assets/ui/icons_raster/icon_01_containment.png,png,True,,
icon_01_containment,,assets/ui/icons_raster/icon_01_containment.webp,webp,True,,
icon_02_mission,,assets/ui/icons_raster/icon_02_mission.png,png,True,,
icon_02_mission,,assets/ui/icons_raster/icon_02_mission.webp,webp,True,,
icon_03_investigator,,assets/ui/icons_raster/icon_03_investigator.png,png,True,,
icon_03_investigator,,assets/ui/icons_raster/icon_03_investigator.webp,webp,True,,
icon_04_anomaly,,assets/ui/icons_raster/icon_04_anomaly.png,png,True,,
icon_04_anomaly,,assets/ui/icons_raster/icon_04_anomaly.webp,webp,True,,
icon_05_research,,assets/ui/icons_raster/icon_05_research.png,png,True,,
icon_05_research,,assets/ui/icons_raster/icon_05_research.webp,webp,True,,
icon_06_archive,,assets/ui/icons_raster/icon_06_archive.png,png,True,,
icon_06_archive,,assets/ui/icons_raster/icon_06_archive.webp,webp,True,,
icon_07_mail,,assets/ui/icons_raster/icon_07_mail.png,png,True,,
icon_07_mail,,assets/ui/icons_raster/icon_07_mail.webp,webp,True,,
icon_08_alarm,,assets/ui/icons_raster/icon_08_alarm.png,png,True,,
icon_08_alarm,,assets/ui/icons_raster/icon_08_alarm.webp,webp,True,,
icon_09_settings,,assets/ui/icons_raster/icon_09_settings.png,png,True,,
icon_09_settings,,assets/ui/icons_raster/icon_09_settings.webp,webp,True,,
icon_10_action_power,,assets/ui/icons_raster/icon_10_action_power.png,png,True,,
icon_10_action_power,,assets/ui/icons_raster/icon_10_action_power.webp,webp,True,,
icon_11_sanity,,assets/ui/icons_raster/icon_11_sanity.png,png,True,,
icon_11_sanity,,assets/ui/icons_raster/icon_11_sanity.webp,webp,True,,
icon_12_pollution,,assets/ui/icons_raster/icon_12_pollution.png,png,True,,
icon_12_pollution,,assets/ui/icons_raster/icon_12_pollution.webp,webp,True,,
icon_13_stability,,assets/ui/icons_raster/icon_13_stability.png,png,True,,
icon_13_stability,,assets/ui/icons_raster/icon_13_stability.webp,webp,True,,
icon_14_risk_level,,assets/ui/icons_raster/icon_14_risk_level.png,png,True,,
icon_14_risk_level,,assets/ui/icons_raster/icon_14_risk_level.webp,webp,True,,
icon_15_warning,,assets/ui/icons_raster/icon_15_warning.png,png,True,,
icon_15_warning,,assets/ui/icons_raster/icon_15_warning.webp,webp,True,,
icon_16_success,,assets/ui/icons_raster/icon_16_success.png,png,True,,
icon_16_success,,assets/ui/icons_raster/icon_16_success.webp,webp,True,,
icon_17_failure,,assets/ui/icons_raster/icon_17_failure.png,png,True,,
icon_17_failure,,assets/ui/icons_raster/icon_17_failure.webp,webp,True,,
icon_18_locked,,assets/ui/icons_raster/icon_18_locked.png,png,True,,
icon_18_locked,,assets/ui/icons_raster/icon_18_locked.webp,webp,True,,
icon_19_unlock,,assets/ui/icons_raster/icon_19_unlock.png,png,True,,
icon_19_unlock,,assets/ui/icons_raster/icon_19_unlock.webp,webp,True,,
icon_20_watcher_eye,,assets/ui/icons_raster/icon_20_watcher_eye.png,png,True,,
icon_20_watcher_eye,,assets/ui/icons_raster/icon_20_watcher_eye.webp,webp,True,,
icon_21_book,,assets/ui/icons_raster/icon_21_book.png,png,True,,
icon_21_book,,assets/ui/icons_raster/icon_21_book.webp,webp,True,,
icon_22_ritual,,assets/ui/icons_raster/icon_22_ritual.png,png,True,,
icon_22_ritual,,assets/ui/icons_raster/icon_22_ritual.webp,webp,True,,
icon_23_dream,,assets/ui/icons_raster/icon_23_dream.png,png,True,,
icon_23_dream,,assets/ui/icons_raster/icon_23_dream.webp,webp,True,,
icon_24_deep_sea,,assets/ui/icons_raster/icon_24_deep_sea.png,png,True,,
icon_24_deep_sea,,assets/ui/icons_raster/icon_24_deep_sea.webp,webp,True,,
icon_25_time,,assets/ui/icons_raster/icon_25_time.png,png,True,,
icon_25_time,,assets/ui/icons_raster/icon_25_time.webp,webp,True,,
icon_26_map_node,,assets/ui/icons_raster/icon_26_map_node.png,png,True,,
icon_26_map_node,,assets/ui/icons_raster/icon_26_map_node.webp,webp,True,,
icon_27_route,,assets/ui/icons_raster/icon_27_route.png,png,True,,
icon_27_route,,assets/ui/icons_raster/icon_27_route.webp,webp,True,,
icon_28_reward,,assets/ui/icons_raster/icon_28_reward.png,png,True,,
icon_28_reward,,assets/ui/icons_raster/icon_28_reward.webp,webp,True,,
icon_29_exp,,assets/ui/icons_raster/icon_29_exp.png,png,True,,
icon_29_exp,,assets/ui/icons_raster/icon_29_exp.webp,webp,True,,
icon_30_authority_rank,,assets/ui/icons_raster/icon_30_authority_rank.png,png,True,,
icon_30_authority_rank,,assets/ui/icons_raster/icon_30_authority_rank.webp,webp,True,,
icon_31_shield,,assets/ui/icons_raster/icon_31_shield.png,png,True,,
icon_31_shield,,assets/ui/icons_raster/icon_31_shield.webp,webp,True,,
icon_32_medical,,assets/ui/icons_raster/icon_32_medical.png,png,True,,
icon_32_medical,,assets/ui/icons_raster/icon_32_medical.webp,webp,True,,
icon_33_tool,,assets/ui/icons_raster/icon_33_tool.png,png,True,,
icon_33_tool,,assets/ui/icons_raster/icon_33_tool.webp,webp,True,,
icon_34_report,,assets/ui/icons_raster/icon_34_report.png,png,True,,
icon_34_report,,assets/ui/icons_raster/icon_34_report.webp,webp,True,,
icon_35_search,,assets/ui/icons_raster/icon_35_search.png,png,True,,
icon_35_search,,assets/ui/icons_raster/icon_35_search.webp,webp,True,,
icon_36_sample_clue,,assets/ui/icons_raster/icon_36_sample_clue.png,png,True,,
icon_36_sample_clue,,assets/ui/icons_raster/icon_36_sample_clue.webp,webp,True,,
vfx_01_contamination_aura,,assets/vfx/effects/vfx_01_contamination_aura.png,png,True,,
vfx_01_contamination_aura,,assets/vfx/effects/vfx_01_contamination_aura.webp,webp,True,,
vfx_02_dream_ripple,,assets/vfx/effects/vfx_02_dream_ripple.png,png,True,,
vfx_02_dream_ripple,,assets/vfx/effects/vfx_02_dream_ripple.webp,webp,True,,
vfx_03_old_god_whisper_sigil,,assets/vfx/effects/vfx_03_old_god_whisper_sigil.png,png,True,,
vfx_03_old_god_whisper_sigil,,assets/vfx/effects/vfx_03_old_god_whisper_sigil.webp,webp,True,,
vfx_04_ritual_magic_circle,,assets/vfx/effects/vfx_04_ritual_magic_circle.png,png,True,,
vfx_04_ritual_magic_circle,,assets/vfx/effects/vfx_04_ritual_magic_circle.webp,webp,True,,
vfx_05_deep_sea_water_ring,,assets/vfx/effects/vfx_05_deep_sea_water_ring.png,png,True,,
vfx_05_deep_sea_water_ring,,assets/vfx/effects/vfx_05_deep_sea_water_ring.webp,webp,True,,
vfx_06_warning_flare,,assets/vfx/effects/vfx_06_warning_flare.png,png,True,,
vfx_06_warning_flare,,assets/vfx/effects/vfx_06_warning_flare.webp,webp,True,,
vfx_07_red_corruption_pulse,,assets/vfx/effects/vfx_07_red_corruption_pulse.png,png,True,,
vfx_07_red_corruption_pulse,,assets/vfx/effects/vfx_07_red_corruption_pulse.webp,webp,True,,
vfx_08_teal_containment_pulse,,assets/vfx/effects/vfx_08_teal_containment_pulse.png,png,True,,
vfx_08_teal_containment_pulse,,assets/vfx/effects/vfx_08_teal_containment_pulse.webp,webp,True,,
vfx_09_golden_occult_seal,,assets/vfx/effects/vfx_09_golden_occult_seal.png,png,True,,
vfx_09_golden_occult_seal,,assets/vfx/effects/vfx_09_golden_occult_seal.webp,webp,True,,
round_octopus_mark,,assets/ui/svg/stamps/round_octopus_mark.svg,svg,True,,
round_eye_mark,,assets/ui/svg/stamps/round_eye_mark.svg,svg,True,,
triangle_warning_mark,,assets/ui/svg/stamps/triangle_warning_mark.svg,svg,True,,
seal_rectangle_no_text,,assets/ui/svg/stamps/seal_rectangle_no_text.svg,svg,True,,
investigator_01_elene_spirit_scholar,,assets/production/characters/full_png/investigator_01_elene_spirit_scholar.png,png,True,,
investigator_01_elene_spirit_scholar,,assets/production/characters/full_png/investigator_01_elene_spirit_scholar.webp,webp,True,,
investigator_01_elene_spirit_scholar_card,,assets/production/characters/card_portraits/investigator_01_elene_spirit_scholar_card.png,png,True,,
investigator_01_elene_spirit_scholar_card,,assets/production/characters/card_portraits/investigator_01_elene_spirit_scholar_card.webp,webp,True,,
investigator_01_elene_spirit_scholar_avatar,,assets/production/characters/avatars/investigator_01_elene_spirit_scholar_avatar.png,png,True,,
investigator_01_elene_spirit_scholar_avatar,,assets/production/characters/avatars/investigator_01_elene_spirit_scholar_avatar.webp,webp,True,,
investigator_02_lu_field_agent,,assets/production/characters/full_png/investigator_02_lu_field_agent.png,png,True,,
investigator_02_lu_field_agent,,assets/production/characters/full_png/investigator_02_lu_field_agent.webp,webp,True,,
investigator_02_lu_field_agent_card,,assets/production/characters/card_portraits/investigator_02_lu_field_agent_card.png,png,True,,
investigator_02_lu_field_agent_card,,assets/production/characters/card_portraits/investigator_02_lu_field_agent_card.webp,webp,True,,
investigator_02_lu_field_agent_avatar,,assets/production/characters/avatars/investigator_02_lu_field_agent_avatar.png,png,True,,
investigator_02_lu_field_agent_avatar,,assets/production/characters/avatars/investigator_02_lu_field_agent_avatar.webp,webp,True,,
investigator_03_reinard_medic,,assets/production/characters/full_png/investigator_03_reinard_medic.png,png,True,,
investigator_03_reinard_medic,,assets/production/characters/full_png/investigator_03_reinard_medic.webp,webp,True,,
investigator_03_reinard_medic_card,,assets/production/characters/card_portraits/investigator_03_reinard_medic_card.png,png,True,,
investigator_03_reinard_medic_card,,assets/production/characters/card_portraits/investigator_03_reinard_medic_card.webp,webp,True,,
investigator_03_reinard_medic_avatar,,assets/production/characters/avatars/investigator_03_reinard_medic_avatar.png,png,True,,
investigator_03_reinard_medic_avatar,,assets/production/characters/avatars/investigator_03_reinard_medic_avatar.webp,webp,True,,
investigator_04_iraiya_infiltrator,,assets/production/characters/full_png/investigator_04_iraiya_infiltrator.png,png,True,,
investigator_04_iraiya_infiltrator,,assets/production/characters/full_png/investigator_04_iraiya_infiltrator.webp,webp,True,,
investigator_04_iraiya_infiltrator_card,,assets/production/characters/card_portraits/investigator_04_iraiya_infiltrator_card.png,png,True,,
investigator_04_iraiya_infiltrator_card,,assets/production/characters/card_portraits/investigator_04_iraiya_infiltrator_card.webp,webp,True,,
investigator_04_iraiya_infiltrator_avatar,,assets/production/characters/avatars/investigator_04_iraiya_infiltrator_avatar.png,png,True,,
investigator_04_iraiya_infiltrator_avatar,,assets/production/characters/avatars/investigator_04_iraiya_infiltrator_avatar.webp,webp,True,,
investigator_05_camil_ritualist,,assets/production/characters/full_png/investigator_05_camil_ritualist.png,png,True,,
investigator_05_camil_ritualist,,assets/production/characters/full_png/investigator_05_camil_ritualist.webp,webp,True,,
investigator_05_camil_ritualist_card,,assets/production/characters/card_portraits/investigator_05_camil_ritualist_card.png,png,True,,
investigator_05_camil_ritualist_card,,assets/production/characters/card_portraits/investigator_05_camil_ritualist_card.webp,webp,True,,
investigator_05_camil_ritualist_avatar,,assets/production/characters/avatars/investigator_05_camil_ritualist_avatar.png,png,True,,
investigator_05_camil_ritualist_avatar,,assets/production/characters/avatars/investigator_05_camil_ritualist_avatar.webp,webp,True,,
investigator_06_su_engineer,,assets/production/characters/full_png/investigator_06_su_engineer.png,png,True,,
investigator_06_su_engineer,,assets/production/characters/full_png/investigator_06_su_engineer.webp,webp,True,,
investigator_06_su_engineer_card,,assets/production/characters/card_portraits/investigator_06_su_engineer_card.png,png,True,,
investigator_06_su_engineer_card,,assets/production/characters/card_portraits/investigator_06_su_engineer_card.webp,webp,True,,
investigator_06_su_engineer_avatar,,assets/production/characters/avatars/investigator_06_su_engineer_avatar.png,png,True,,
investigator_06_su_engineer_avatar,,assets/production/characters/avatars/investigator_06_su_engineer_avatar.webp,webp,True,,
anomaly_01_memory_crystal,,assets/production/anomalies/full_png/anomaly_01_memory_crystal.png,png,True,,
anomaly_01_memory_crystal,,assets/production/anomalies/full_png/anomaly_01_memory_crystal.webp,webp,True,,
anomaly_01_memory_crystal_alpha,,assets/production/anomalies/cutout_alpha/anomaly_01_memory_crystal_alpha.png,png,True,,
anomaly_01_memory_crystal_card_art,,assets/production/anomalies/card_art/anomaly_01_memory_crystal_card_art.png,png,True,,
anomaly_01_memory_crystal_card_art,,assets/production/anomalies/card_art/anomaly_01_memory_crystal_card_art.webp,webp,True,,
anomaly_02_abyss_compass,,assets/production/anomalies/full_png/anomaly_02_abyss_compass.png,png,True,,
anomaly_02_abyss_compass,,assets/production/anomalies/full_png/anomaly_02_abyss_compass.webp,webp,True,,
anomaly_02_abyss_compass_alpha,,assets/production/anomalies/cutout_alpha/anomaly_02_abyss_compass_alpha.png,png,True,,
anomaly_02_abyss_compass_card_art,,assets/production/anomalies/card_art/anomaly_02_abyss_compass_card_art.png,png,True,,
anomaly_02_abyss_compass_card_art,,assets/production/anomalies/card_art/anomaly_02_abyss_compass_card_art.webp,webp,True,,
room_09_archive_vault_production,,assets/production/rooms/wide/room_09_archive_vault_production.png,png,True,,
room_09_archive_vault_production,,assets/production/rooms/wide/room_09_archive_vault_production.webp,webp,True,,
room_09_archive_vault_production_800,,assets/production/rooms/wide_800/room_09_archive_vault_production_800.png,png,True,,
room_09_archive_vault_production_800,,assets/production/rooms/wide_800/room_09_archive_vault_production_800.webp,webp,True,,
room_10_dream_lab_production,,assets/production/rooms/wide/room_10_dream_lab_production.png,png,True,,
room_10_dream_lab_production,,assets/production/rooms/wide/room_10_dream_lab_production.webp,webp,True,,
room_10_dream_lab_production_800,,assets/production/rooms/wide_800/room_10_dream_lab_production_800.png,png,True,,
room_10_dream_lab_production_800,,assets/production/rooms/wide_800/room_10_dream_lab_production_800.webp,webp,True,,
asset_catalog_poster_v05,,references/production_catalog/asset_catalog_poster_v05.png,png,False,,
route_dream,,assets/production/svg/status/route_dream.svg,svg,True,,
route_deepsea,,assets/production/svg/status/route_deepsea.svg,svg,True,,
route_flesh,,assets/production/svg/status/route_flesh.svg,svg,True,,
route_mechanic,,assets/production/svg/status/route_mechanic.svg,svg,True,,
route_shadow,,assets/production/svg/status/route_shadow.svg,svg,True,,
status_sanity,,assets/production/svg/status/status_sanity.svg,svg,True,,
status_pollution,,assets/production/svg/status/status_pollution.svg,svg,True,,
status_injury,,assets/production/svg/status/status_injury.svg,svg,True,,
status_lockdown,,assets/production/svg/status/status_lockdown.svg,svg,True,,
production-helpers,,styles/production-helpers.css,css,True,,
asset-loader,,examples/asset-loader.ts,ts,False,,
production_gap_report,,docs/production_gap_report.md,md,False,,
attr_analysis,attribute-icon,assets/production/svg/attributes/attr_analysis.svg,svg,True,vector_runtime,"attributes,v0.6,no_baked_text"
attr_engineering,attribute-icon,assets/production/svg/attributes/attr_engineering.svg,svg,True,vector_runtime,"attributes,v0.6,no_baked_text"
attr_fieldwork,attribute-icon,assets/production/svg/attributes/attr_fieldwork.svg,svg,True,vector_runtime,"attributes,v0.6,no_baked_text"
attr_inspiration,attribute-icon,assets/production/svg/attributes/attr_inspiration.svg,svg,True,vector_runtime,"attributes,v0.6,no_baked_text"
attr_knowledge,attribute-icon,assets/production/svg/attributes/attr_knowledge.svg,svg,True,vector_runtime,"attributes,v0.6,no_baked_text"
attr_medicine,attribute-icon,assets/production/svg/attributes/attr_medicine.svg,svg,True,vector_runtime,"attributes,v0.6,no_baked_text"
attr_negotiation,attribute-icon,assets/production/svg/attributes/attr_negotiation.svg,svg,True,vector_runtime,"attributes,v0.6,no_baked_text"
attr_ritual,attribute-icon,assets/production/svg/attributes/attr_ritual.svg,svg,True,vector_runtime,"attributes,v0.6,no_baked_text"
attr_stealth,attribute-icon,assets/production/svg/attributes/attr_stealth.svg,svg,True,vector_runtime,"attributes,v0.6,no_baked_text"
attr_strength,attribute-icon,assets/production/svg/attributes/attr_strength.svg,svg,True,vector_runtime,"attributes,v0.6,no_baked_text"
attr_survival,attribute-icon,assets/production/svg/attributes/attr_survival.svg,svg,True,vector_runtime,"attributes,v0.6,no_baked_text"
attr_will,attribute-icon,assets/production/svg/attributes/attr_will.svg,svg,True,vector_runtime,"attributes,v0.6,no_baked_text"
fn_alert,ui-icon,assets/production/svg/functions/fn_alert.svg,svg,True,vector_runtime,"functions,v0.6,no_baked_text"
fn_anomaly,ui-icon,assets/production/svg/functions/fn_anomaly.svg,svg,True,vector_runtime,"functions,v0.6,no_baked_text"
fn_archive,ui-icon,assets/production/svg/functions/fn_archive.svg,svg,True,vector_runtime,"functions,v0.6,no_baked_text"
fn_authority,ui-icon,assets/production/svg/functions/fn_authority.svg,svg,True,vector_runtime,"functions,v0.6,no_baked_text"
fn_calendar,ui-icon,assets/production/svg/functions/fn_calendar.svg,svg,True,vector_runtime,"functions,v0.6,no_baked_text"
fn_combat,ui-icon,assets/production/svg/functions/fn_combat.svg,svg,True,vector_runtime,"functions,v0.6,no_baked_text"
fn_dashboard,ui-icon,assets/production/svg/functions/fn_dashboard.svg,svg,True,vector_runtime,"functions,v0.6,no_baked_text"
fn_energy,ui-icon,assets/production/svg/functions/fn_energy.svg,svg,True,vector_runtime,"functions,v0.6,no_baked_text"
fn_event,ui-icon,assets/production/svg/functions/fn_event.svg,svg,True,vector_runtime,"functions,v0.6,no_baked_text"
fn_experience,ui-icon,assets/production/svg/functions/fn_experience.svg,svg,True,vector_runtime,"functions,v0.6,no_baked_text"
fn_failed,ui-icon,assets/production/svg/functions/fn_failed.svg,svg,True,vector_runtime,"functions,v0.6,no_baked_text"
fn_investigator,ui-icon,assets/production/svg/functions/fn_investigator.svg,svg,True,vector_runtime,"functions,v0.6,no_baked_text"
fn_lock,ui-icon,assets/production/svg/functions/fn_lock.svg,svg,True,vector_runtime,"functions,v0.6,no_baked_text"
fn_mail,ui-icon,assets/production/svg/functions/fn_mail.svg,svg,True,vector_runtime,"functions,v0.6,no_baked_text"
fn_map,ui-icon,assets/production/svg/functions/fn_map.svg,svg,True,vector_runtime,"functions,v0.6,no_baked_text"
fn_medicine,ui-icon,assets/production/svg/functions/fn_medicine.svg,svg,True,vector_runtime,"functions,v0.6,no_baked_text"
fn_observe,ui-icon,assets/production/svg/functions/fn_observe.svg,svg,True,vector_runtime,"functions,v0.6,no_baked_text"
fn_pollution,ui-icon,assets/production/svg/functions/fn_pollution.svg,svg,True,vector_runtime,"functions,v0.6,no_baked_text"
fn_protection,ui-icon,assets/production/svg/functions/fn_protection.svg,svg,True,vector_runtime,"functions,v0.6,no_baked_text"
fn_radio,ui-icon,assets/production/svg/functions/fn_radio.svg,svg,True,vector_runtime,"functions,v0.6,no_baked_text"
fn_recover,ui-icon,assets/production/svg/functions/fn_recover.svg,svg,True,vector_runtime,"functions,v0.6,no_baked_text"
fn_report,ui-icon,assets/production/svg/functions/fn_report.svg,svg,True,vector_runtime,"functions,v0.6,no_baked_text"
fn_research,ui-icon,assets/production/svg/functions/fn_research.svg,svg,True,vector_runtime,"functions,v0.6,no_baked_text"
fn_retreat,ui-icon,assets/production/svg/functions/fn_retreat.svg,svg,True,vector_runtime,"functions,v0.6,no_baked_text"
fn_reward,ui-icon,assets/production/svg/functions/fn_reward.svg,svg,True,vector_runtime,"functions,v0.6,no_baked_text"
fn_risk,ui-icon,assets/production/svg/functions/fn_risk.svg,svg,True,vector_runtime,"functions,v0.6,no_baked_text"
fn_route,ui-icon,assets/production/svg/functions/fn_route.svg,svg,True,vector_runtime,"functions,v0.6,no_baked_text"
fn_sample,ui-icon,assets/production/svg/functions/fn_sample.svg,svg,True,vector_runtime,"functions,v0.6,no_baked_text"
fn_sanity,ui-icon,assets/production/svg/functions/fn_sanity.svg,svg,True,vector_runtime,"functions,v0.6,no_baked_text"
fn_search,ui-icon,assets/production/svg/functions/fn_search.svg,svg,True,vector_runtime,"functions,v0.6,no_baked_text"
fn_settings,ui-icon,assets/production/svg/functions/fn_settings.svg,svg,True,vector_runtime,"functions,v0.6,no_baked_text"
fn_shop,ui-icon,assets/production/svg/functions/fn_shop.svg,svg,True,vector_runtime,"functions,v0.6,no_baked_text"
fn_stability,ui-icon,assets/production/svg/functions/fn_stability.svg,svg,True,vector_runtime,"functions,v0.6,no_baked_text"
fn_success,ui-icon,assets/production/svg/functions/fn_success.svg,svg,True,vector_runtime,"functions,v0.6,no_baked_text"
fn_task,ui-icon,assets/production/svg/functions/fn_task.svg,svg,True,vector_runtime,"functions,v0.6,no_baked_text"
fn_time,ui-icon,assets/production/svg/functions/fn_time.svg,svg,True,vector_runtime,"functions,v0.6,no_baked_text"
fn_tools,ui-icon,assets/production/svg/functions/fn_tools.svg,svg,True,vector_runtime,"functions,v0.6,no_baked_text"
fn_unknown,ui-icon,assets/production/svg/functions/fn_unknown.svg,svg,True,vector_runtime,"functions,v0.6,no_baked_text"
fn_unlock,ui-icon,assets/production/svg/functions/fn_unlock.svg,svg,True,vector_runtime,"functions,v0.6,no_baked_text"
fn_vault,ui-icon,assets/production/svg/functions/fn_vault.svg,svg,True,vector_runtime,"functions,v0.6,no_baked_text"
mat_abyss_compass,material-icon,assets/production/svg/materials/mat_abyss_compass.svg,svg,True,vector_runtime,"materials,v0.6,no_baked_text"
mat_ancient_key,material-icon,assets/production/svg/materials/mat_ancient_key.svg,svg,True,vector_runtime,"materials,v0.6,no_baked_text"
mat_archive_stamp,material-icon,assets/production/svg/materials/mat_archive_stamp.svg,svg,True,vector_runtime,"materials,v0.6,no_baked_text"
mat_black_notebook,material-icon,assets/production/svg/materials/mat_black_notebook.svg,svg,True,vector_runtime,"materials,v0.6,no_baked_text"
mat_black_pearl,material-icon,assets/production/svg/materials/mat_black_pearl.svg,svg,True,vector_runtime,"materials,v0.6,no_baked_text"
mat_blood_manuscript,material-icon,assets/production/svg/materials/mat_blood_manuscript.svg,svg,True,vector_runtime,"materials,v0.6,no_baked_text"
mat_bone_powder,material-icon,assets/production/svg/materials/mat_bone_powder.svg,svg,True,vector_runtime,"materials,v0.6,no_baked_text"
mat_branch_node,material-icon,assets/production/svg/materials/mat_branch_node.svg,svg,True,vector_runtime,"materials,v0.6,no_baked_text"
mat_bronze_bell,material-icon,assets/production/svg/materials/mat_bronze_bell.svg,svg,True,vector_runtime,"materials,v0.6,no_baked_text"
mat_cold_ash,material-icon,assets/production/svg/materials/mat_cold_ash.svg,svg,True,vector_runtime,"materials,v0.6,no_baked_text"
mat_combat_node,material-icon,assets/production/svg/materials/mat_combat_node.svg,svg,True,vector_runtime,"materials,v0.6,no_baked_text"
mat_corrupted_heart,material-icon,assets/production/svg/materials/mat_corrupted_heart.svg,svg,True,vector_runtime,"materials,v0.6,no_baked_text"
mat_cracked_mask,material-icon,assets/production/svg/materials/mat_cracked_mask.svg,svg,True,vector_runtime,"materials,v0.6,no_baked_text"
mat_crimson_sample,material-icon,assets/production/svg/materials/mat_crimson_sample.svg,svg,True,vector_runtime,"materials,v0.6,no_baked_text"
mat_deepsea_water,material-icon,assets/production/svg/materials/mat_deepsea_water.svg,svg,True,vector_runtime,"materials,v0.6,no_baked_text"
mat_dream_ink,material-icon,assets/production/svg/materials/mat_dream_ink.svg,svg,True,vector_runtime,"materials,v0.6,no_baked_text"
mat_energy_crystal,material-icon,assets/production/svg/materials/mat_energy_crystal.svg,svg,True,vector_runtime,"materials,v0.6,no_baked_text"
mat_event_node,material-icon,assets/production/svg/materials/mat_event_node.svg,svg,True,vector_runtime,"materials,v0.6,no_baked_text"
mat_eye_relic,material-icon,assets/production/svg/materials/mat_eye_relic.svg,svg,True,vector_runtime,"materials,v0.6,no_baked_text"
mat_film_reel,material-icon,assets/production/svg/materials/mat_film_reel.svg,svg,True,vector_runtime,"materials,v0.6,no_baked_text"
mat_firstborn_skull,material-icon,assets/production/svg/materials/mat_firstborn_skull.svg,svg,True,vector_runtime,"materials,v0.6,no_baked_text"
mat_glass_eye,material-icon,assets/production/svg/materials/mat_glass_eye.svg,svg,True,vector_runtime,"materials,v0.6,no_baked_text"
mat_identity_medal,material-icon,assets/production/svg/materials/mat_identity_medal.svg,svg,True,vector_runtime,"materials,v0.6,no_baked_text"
mat_map_fragment,material-icon,assets/production/svg/materials/mat_map_fragment.svg,svg,True,vector_runtime,"materials,v0.6,no_baked_text"
mat_memory_shard,material-icon,assets/production/svg/materials/mat_memory_shard.svg,svg,True,vector_runtime,"materials,v0.6,no_baked_text"
mat_oil_lamp,material-icon,assets/production/svg/materials/mat_oil_lamp.svg,svg,True,vector_runtime,"materials,v0.6,no_baked_text"
mat_old_coin,material-icon,assets/production/svg/materials/mat_old_coin.svg,svg,True,vector_runtime,"materials,v0.6,no_baked_text"
mat_pass_ticket,material-icon,assets/production/svg/materials/mat_pass_ticket.svg,svg,True,vector_runtime,"materials,v0.6,no_baked_text"
mat_pocket_watch,material-icon,assets/production/svg/materials/mat_pocket_watch.svg,svg,True,vector_runtime,"materials,v0.6,no_baked_text"
mat_pollution_sample,material-icon,assets/production/svg/materials/mat_pollution_sample.svg,svg,True,vector_runtime,"materials,v0.6,no_baked_text"
mat_recovery_node,material-icon,assets/production/svg/materials/mat_recovery_node.svg,svg,True,vector_runtime,"materials,v0.6,no_baked_text"
mat_retreat_node,material-icon,assets/production/svg/materials/mat_retreat_node.svg,svg,True,vector_runtime,"materials,v0.6,no_baked_text"
mat_ritual_dagger,material-icon,assets/production/svg/materials/mat_ritual_dagger.svg,svg,True,vector_runtime,"materials,v0.6,no_baked_text"
mat_ritual_syringe,material-icon,assets/production/svg/materials/mat_ritual_syringe.svg,svg,True,vector_runtime,"materials,v0.6,no_baked_text"
mat_rusted_gear,material-icon,assets/production/svg/materials/mat_rusted_gear.svg,svg,True,vector_runtime,"materials,v0.6,no_baked_text"
mat_salted_cloth,material-icon,assets/production/svg/materials/mat_salted_cloth.svg,svg,True,vector_runtime,"materials,v0.6,no_baked_text"
mat_sealed_letter,material-icon,assets/production/svg/materials/mat_sealed_letter.svg,svg,True,vector_runtime,"materials,v0.6,no_baked_text"
mat_secret_route,material-icon,assets/production/svg/materials/mat_secret_route.svg,svg,True,vector_runtime,"materials,v0.6,no_baked_text"
mat_signal_core,material-icon,assets/production/svg/materials/mat_signal_core.svg,svg,True,vector_runtime,"materials,v0.6,no_baked_text"
mat_silver_thread,material-icon,assets/production/svg/materials/mat_silver_thread.svg,svg,True,vector_runtime,"materials,v0.6,no_baked_text"
mat_spiral_shell,material-icon,assets/production/svg/materials/mat_spiral_shell.svg,svg,True,vector_runtime,"materials,v0.6,no_baked_text"
mat_start_node,material-icon,assets/production/svg/materials/mat_start_node.svg,svg,True,vector_runtime,"materials,v0.6,no_baked_text"
mat_test_vial,material-icon,assets/production/svg/materials/mat_test_vial.svg,svg,True,vector_runtime,"materials,v0.6,no_baked_text"
mat_time_dust,material-icon,assets/production/svg/materials/mat_time_dust.svg,svg,True,vector_runtime,"materials,v0.6,no_baked_text"
mat_unknown_node,material-icon,assets/production/svg/materials/mat_unknown_node.svg,svg,True,vector_runtime,"materials,v0.6,no_baked_text"
mat_wax_seal,material-icon,assets/production/svg/materials/mat_wax_seal.svg,svg,True,vector_runtime,"materials,v0.6,no_baked_text"
mat_wet_radio,material-icon,assets/production/svg/materials/mat_wet_radio.svg,svg,True,vector_runtime,"materials,v0.6,no_baked_text"
mat_worm_page,material-icon,assets/production/svg/materials/mat_worm_page.svg,svg,True,vector_runtime,"materials,v0.6,no_baked_text"
room_archive_vault,room-icon,assets/production/svg/rooms/room_archive_vault.svg,svg,True,vector_runtime,"rooms,v0.6,no_baked_text"
room_comm,room-icon,assets/production/svg/rooms/room_comm.svg,svg,True,vector_runtime,"rooms,v0.6,no_baked_text"
room_deepsea_pressure,room-icon,assets/production/svg/rooms/room_deepsea_pressure.svg,svg,True,vector_runtime,"rooms,v0.6,no_baked_text"
room_dispatch,room-icon,assets/production/svg/rooms/room_dispatch.svg,svg,True,vector_runtime,"rooms,v0.6,no_baked_text"
room_dormitory,room-icon,assets/production/svg/rooms/room_dormitory.svg,svg,True,vector_runtime,"rooms,v0.6,no_baked_text"
room_dream_isolation,room-icon,assets/production/svg/rooms/room_dream_isolation.svg,svg,True,vector_runtime,"rooms,v0.6,no_baked_text"
room_incinerator,room-icon,assets/production/svg/rooms/room_incinerator.svg,svg,True,vector_runtime,"rooms,v0.6,no_baked_text"
room_medical,room-icon,assets/production/svg/rooms/room_medical.svg,svg,True,vector_runtime,"rooms,v0.6,no_baked_text"
room_memory_wipe,room-icon,assets/production/svg/rooms/room_memory_wipe.svg,svg,True,vector_runtime,"rooms,v0.6,no_baked_text"
room_observation,room-icon,assets/production/svg/rooms/room_observation.svg,svg,True,vector_runtime,"rooms,v0.6,no_baked_text"
room_power,room-icon,assets/production/svg/rooms/room_power.svg,svg,True,vector_runtime,"rooms,v0.6,no_baked_text"
room_quarantine,room-icon,assets/production/svg/rooms/room_quarantine.svg,svg,True,vector_runtime,"rooms,v0.6,no_baked_text"
room_research_lab,room-icon,assets/production/svg/rooms/room_research_lab.svg,svg,True,vector_runtime,"rooms,v0.6,no_baked_text"
room_ritual_seal,room-icon,assets/production/svg/rooms/room_ritual_seal.svg,svg,True,vector_runtime,"rooms,v0.6,no_baked_text"
room_security,room-icon,assets/production/svg/rooms/room_security.svg,svg,True,vector_runtime,"rooms,v0.6,no_baked_text"
room_standard_containment,room-icon,assets/production/svg/rooms/room_standard_containment.svg,svg,True,vector_runtime,"rooms,v0.6,no_baked_text"
route_archive,route-icon,assets/production/svg/routes/route_archive.svg,svg,True,vector_runtime,"routes,v0.6,no_baked_text"
route_hunter,route-icon,assets/production/svg/routes/route_hunter.svg,svg,True,vector_runtime,"routes,v0.6,no_baked_text"
route_plague,route-icon,assets/production/svg/routes/route_plague.svg,svg,True,vector_runtime,"routes,v0.6,no_baked_text"
route_ritual,route-icon,assets/production/svg/routes/route_ritual.svg,svg,True,vector_runtime,"routes,v0.6,no_baked_text"
route_silence,route-icon,assets/production/svg/routes/route_silence.svg,svg,True,vector_runtime,"routes,v0.6,no_baked_text"
route_star,route-icon,assets/production/svg/routes/route_star.svg,svg,True,vector_runtime,"routes,v0.6,no_baked_text"
route_time,route-icon,assets/production/svg/routes/route_time.svg,svg,True,vector_runtime,"routes,v0.6,no_baked_text"
status_breach,status-icon,assets/production/svg/status/status_breach.svg,svg,True,vector_runtime,"status,v0.6,no_baked_text"
status_burning,status-icon,assets/production/svg/status/status_burning.svg,svg,True,vector_runtime,"status,v0.6,no_baked_text"
status_contained,status-icon,assets/production/svg/status/status_contained.svg,svg,True,vector_runtime,"status,v0.6,no_baked_text"
status_corrupted,status-icon,assets/production/svg/status/status_corrupted.svg,svg,True,vector_runtime,"status,v0.6,no_baked_text"
status_cursed,status-icon,assets/production/svg/status/status_cursed.svg,svg,True,vector_runtime,"status,v0.6,no_baked_text"
status_energized,status-icon,assets/production/svg/status/status_energized.svg,svg,True,vector_runtime,"status,v0.6,no_baked_text"
status_failed,status-icon,assets/production/svg/status/status_failed.svg,svg,True,vector_runtime,"status,v0.6,no_baked_text"
status_fear,status-icon,assets/production/svg/status/status_fear.svg,svg,True,vector_runtime,"status,v0.6,no_baked_text"
status_frozen,status-icon,assets/production/svg/status/status_frozen.svg,svg,True,vector_runtime,"status,v0.6,no_baked_text"
status_hidden,status-icon,assets/production/svg/status/status_hidden.svg,svg,True,vector_runtime,"status,v0.6,no_baked_text"
status_insomnia,status-icon,assets/production/svg/status/status_insomnia.svg,svg,True,vector_runtime,"status,v0.6,no_baked_text"
status_locked,status-icon,assets/production/svg/status/status_locked.svg,svg,True,vector_runtime,"status,v0.6,no_baked_text"
status_madness,status-icon,assets/production/svg/status/status_madness.svg,svg,True,vector_runtime,"status,v0.6,no_baked_text"
status_marked,status-icon,assets/production/svg/status/status_marked.svg,svg,True,vector_runtime,"status,v0.6,no_baked_text"
status_paranoia,status-icon,assets/production/svg/status/status_paranoia.svg,svg,True,vector_runtime,"status,v0.6,no_baked_text"
status_recovering,status-icon,assets/production/svg/status/status_recovering.svg,svg,True,vector_runtime,"status,v0.6,no_baked_text"
status_stable,status-icon,assets/production/svg/status/status_stable.svg,svg,True,vector_runtime,"status,v0.6,no_baked_text"
status_success,status-icon,assets/production/svg/status/status_success.svg,svg,True,vector_runtime,"status,v0.6,no_baked_text"
status_unlocked,status-icon,assets/production/svg/status/status_unlocked.svg,svg,True,vector_runtime,"status,v0.6,no_baked_text"
status_unstable,status-icon,assets/production/svg/status/status_unstable.svg,svg,True,vector_runtime,"status,v0.6,no_baked_text"
status_warning,status-icon,assets/production/svg/status/status_warning.svg,svg,True,vector_runtime,"status,v0.6,no_baked_text"
button_danger,ui-frame,assets/production/svg/ui_components/button_danger.svg,svg,True,vector_runtime,"ui_components,v0.6,no_baked_text"
button_primary,ui-frame,assets/production/svg/ui_components/button_primary.svg,svg,True,vector_runtime,"ui_components,v0.6,no_baked_text"
button_secondary,ui-frame,assets/production/svg/ui_components/button_secondary.svg,svg,True,vector_runtime,"ui_components,v0.6,no_baked_text"
divider_ornate,ui-frame,assets/production/svg/ui_components/divider_ornate.svg,svg,True,vector_runtime,"ui_components,v0.6,no_baked_text"
frame_avatar_slot,ui-frame,assets/production/svg/ui_components/frame_avatar_slot.svg,svg,True,vector_runtime,"ui_components,v0.6,no_baked_text"
frame_card_danger,ui-frame,assets/production/svg/ui_components/frame_card_danger.svg,svg,True,vector_runtime,"ui_components,v0.6,no_baked_text"
frame_card_default,ui-frame,assets/production/svg/ui_components/frame_card_default.svg,svg,True,vector_runtime,"ui_components,v0.6,no_baked_text"
frame_card_selected,ui-frame,assets/production/svg/ui_components/frame_card_selected.svg,svg,True,vector_runtime,"ui_components,v0.6,no_baked_text"
frame_card_warning,ui-frame,assets/production/svg/ui_components/frame_card_warning.svg,svg,True,vector_runtime,"ui_components,v0.6,no_baked_text"
frame_dialog,ui-frame,assets/production/svg/ui_components/frame_dialog.svg,svg,True,vector_runtime,"ui_components,v0.6,no_baked_text"
frame_item_slot,ui-frame,assets/production/svg/ui_components/frame_item_slot.svg,svg,True,vector_runtime,"ui_components,v0.6,no_baked_text"
frame_panel_large,ui-frame,assets/production/svg/ui_components/frame_panel_large.svg,svg,True,vector_runtime,"ui_components,v0.6,no_baked_text"
frame_panel_medium,ui-frame,assets/production/svg/ui_components/frame_panel_medium.svg,svg,True,vector_runtime,"ui_components,v0.6,no_baked_text"
frame_panel_small,ui-frame,assets/production/svg/ui_components/frame_panel_small.svg,svg,True,vector_runtime,"ui_components,v0.6,no_baked_text"
modal_close_button,ui-frame,assets/production/svg/ui_components/modal_close_button.svg,svg,True,vector_runtime,"ui_components,v0.6,no_baked_text"
progress_bar_frame,ui-frame,assets/production/svg/ui_components/progress_bar_frame.svg,svg,True,vector_runtime,"ui_components,v0.6,no_baked_text"
tab_active,ui-frame,assets/production/svg/ui_components/tab_active.svg,svg,True,vector_runtime,"ui_components,v0.6,no_baked_text"
tab_inactive,ui-frame,assets/production/svg/ui_components/tab_inactive.svg,svg,True,vector_runtime,"ui_components,v0.6,no_baked_text"
tooltip_frame,ui-frame,assets/production/svg/ui_components/tooltip_frame.svg,svg,True,vector_runtime,"ui_components,v0.6,no_baked_text"
